id	chinese	pinyin	japanese	category	level	example1_speaker	example1_avatar	example1_expression	example1_chinese	example1_pinyin	example1_japanese	example2_speaker	example2_avatar	example2_expression	example2_chinese	example2_pinyin	example2_japanese	notes
phrase_0826	我们家养了一只很可爱的金毛寻回犬。	Wǒmen jiā yǎng le yì zhī hěn kě'ài de Jīnmáo-xúnhuíquǎn.	うちでは、とても可愛いゴールデンレトリバーを飼っています。	nature	1	A	犬	笑う	哥们儿，周末一起去打篮球吗？	Gēmer, zhōumò yìqǐ qù dǎ lánqiú ma?	なあ、週末一緒にバスケしない？	B	私	笑う	不行啊，我得在家遛狗。我们家刚养了一只很可爱的金毛寻回犬，才两个月大，像个小毛球一样。	Bùxíng a, wǒ děi zài jiā liù gǒu. Wǒmen jiā gāng yǎng le yì zhī hěn kě'ài de jīnmáo xúnhuíquǎn, cái liǎng ge yuè dà, xiàng ge xiǎo máoqiú yíyàng.	ダメなんだ、犬の散歩をしなきゃいけなくて。うち、可愛いゴールデンレトリバーを飼い始めたばかりなんだ。まだ生後2ヶ月で、ふわふわの毛玉みたいだよ。	「养(yǎng:（動物を）飼う・養う)」「金毛寻回犬(jīnmáo xúnhuíquǎn:ゴールデンレトリバー＝通称「金毛」)」。中国でもペットブーム（宠物热）が起きています。犬の散歩は「遛狗(liù gǒu)」です。
phrase_0827	这只流浪猫看起来很可怜，我们收养它吧。	Zhè zhī liúlàngmāo kànqǐlái hěn kělián, wǒmen shōuyǎng tā ba.	この野良猫、すごく可哀想。うちで引き取って飼おうよ。	nature	1	A	猫	悲しい	你看垃圾桶旁边缩着一个小黑团，好像在发抖。	Nǐ kàn lājītǒng pángbiān suōzhe yí ge xiǎo hēituán, hǎoxiàng zài fādǒu.	見て、ゴミ箱の横で黒い塊が縮こまってる。震えてるみたい。	B	私	悲しい	哎呀，是一只小橘猫，饿得皮包骨头了。这只流浪猫看起来很可怜，我们收养它吧，带回家给它洗个热水澡。	Aiya, shì yì zhī xiǎo júmāo, è de píbāogǔtou le. Zhè zhī liúlàngmāo kànqǐlái hěn kělián, wǒmen shōuyǎng tā ba, dài huíjiā gěi tā xǐ ge rèshuǐzǎo.	あら、小さな茶トラだ。ガリガリに痩せちゃって……。この野良猫、可哀想だからうちで飼おうよ。家に連れて帰ってお風呂に入れてあげよう。	「流浪猫(liúlàngmāo:野良猫)」「可怜(kělián:可哀想だ)」「收养(shōuyǎng:引き取って飼う)」。野良犬や野良猫への「投喂(餌やり)」やボランティア活動も都市部を中心に活発に行われています。「橘猫(茶トラ)」は中国で最も愛される雑種（田园猫）です。
phrase_0828	熊猫是中国的国宝，圆滚滚的非常招人喜欢。	Xióngmāo shì Zhōngguó de guóbǎo, yuángǔngǔn de fēicháng zhāorén-xǐhuan.	パンダは中国の国宝です、丸々としていて非常に人に好かれます。	nature	2	A	犬	笑う	明天放假，我们带女儿去四川的成都大熊猫繁育研究基地玩吧。	Míngtiān fàngjià, wǒmen dài nǚ'ér qù Sìchuān de Chéngdū Dàxióngmāo Fányù Yánjiū Jīdì wán ba.	明日休みだから、娘を連れて四川の「成都ジャイアントパンダ繁殖研究基地」へ遊びに行こうよ。	B	猫	笑う	好啊，女儿最盼着看大熊猫了。熊猫是中国的国宝，圆滚滚的非常招人喜欢，就是不知道明天人多不多。	Hǎo a, nǚ'ér zuì pànzhe kàn dàxióngmāo le. Xióngmāo shì Zhōngguó de guóbǎo, yuángǔngǔn de fēicháng zhāorén-xǐhuan, jiùshì bù zhīdào míngtiān rén duō-bu-duō.	いいね、娘はジャイアントパンダ見るの真っ先に楽しみにしてたからね。パンダは中国の国宝で、丸々としててとっても人に好かれるから。	「大熊猫(dàxióngmāo:ジャイアントパンダ)」「国宝(guóbǎo:国宝)」「圆滚滚(yuángǔngǔn:丸々として転がりそうな様子)」「招人喜欢(愛嬌がある・好かれる)」。中国人のパンダ愛は凄まじく、パンダのライブ配信（熊猫直播）は常に数百万人が視聴しています。
phrase_0829	秋天到了，树上的叶子都变黄落了下来。	Qiūtiān dào le, shù shang de yèzi dōu biànhuáng luò le xiàlái.	秋がやってきました、木の上の葉っぱはすべて黄色に変わり、落ちてきました。	nature	1	A	パンダ	普通	你看窗外那条林荫道，这几天变化好大啊。	Nǐ kàn chuāngwài nà tiáo línyīndào, zhè jǐ tiān biànhuà hǎo dà a.	窓の外のあの並木道見てみて、ここ数日で変化がすごく大きいわ。	B	先生	普通	是啊。秋天到了，树上的叶子都变黄落了下来，环卫工人每天都要扫好几车落叶呢。	Shì a. Qiūtiān dào le, shù shang de yèzi dōu biànhuáng luò le xiàlái, huánwèi gōngrén měitiān dōu yào sǎo hǎo jǐ chē luòyè ne.	そうだな。秋が来て、木の上にある葉っぱもみんな黄色に変わって落ちてきたよ。清掃員のおじさんたちが毎日何車分もの落ち葉を掃かなければならないんだ。	「叶子(yèzi:葉っぱ・木の葉)」「变黄(黄色に変わる)」「落(luò:落ちる)」。北京の香山（香山红叶）や、南京の銀杏のプラタナス（梧桐树）など、秋の風物诗を語る詩的な表現ですが、清掃作業員（环卫工人）にとっては重労働の季節です。
phrase_0830	这个国家公园里有很多珍稀的野生动物。	Zhège guójiā gōngyuán lǐ yǒu hěnduō zhēnxī de yěshēng dòngwù.	この国立公園の中には、とても多くの珍しくて希少な野生動物がいます。	nature	2	A	私	笑う	导游，我们接下来要去可可西里自然保護区吗？	Dǎoyóu, wǒmen jiēxiàlái yào qù Kěkěxīlǐ Zìrán Bǎohùqū ma?	ガイドさん、俺たちこの次はフフシル自然保護区に向かうんですか？	B	先生	普通	是的。大家准备好长焦镜头啊。这个国家公園里有很多珍稀的野生动物，比如藏羚羊和野牦牛，运气好的话还能拍到雪豹。	Shì de. Dàjiā zhǔnbèi hǎo chángjiāojìngtóu a. Zhège guójiā gōngyuán lǐ yǒu hěnduō zhēnxī de yěshēng dòngwù, bǐrú zànglíngyáng hé yě máoniú, yùnqi hǎo de huà hái néng pāidào xuěbào.	その通りです。皆さん望遠レンズの準備をよろしく。この国立公園には沢山の珍しくて希少な野生動物がいます、例えばチベットカモシカや野生のヤク、運が良ければユキヒョウも撮影できますよ。	「珍稀(zhēnxī:珍しく希少である)」「野生动物(yěshēng dòngwù)」。チベット高原（青藏高原）や雲南省などは野生動物の宝庫であり、大自然に触れる環境ツーリズムもお金持ちの間で流行しています。
phrase_0831	昨天晚上下了一场大雪，外面白茫茫的一片.	Zuótiān wǎnshang xià le yì chǎng dàxuě, wàimiàn báimángmáng de yí piàn.	昨日の夜は大雪で、外は一面真っ白な銀世界だよ。	nature	1	A	猫	驚く	哇！好漂亮啊！	Wa! Hǎo piàoliang a!	わあ！すごく綺麗！	B	私	笑う	快穿上羽绒服。昨天晚上下了一场大雪，外面白茫茫的一片，连车顶上都盖了厚厚的一层，我们下去堆雪人吧！	Kuài chuānshang yǔróngfú. Zuótiān wǎnshang xià le yì chǎng dàxuě, wàimiàn báimángmáng de yí piàn, lián chēdǐng shang dōu gài le hòuhòu de yì céng, wǒmen xiàqù duī xuěrén ba!	早くダウンを着なよ。昨夜は大雪が降って、外は一面の銀世界だ。車の屋根にも雪がどっさり積もってるよ。下に降りて雪だるまを作ろう！	「下大雪(xià dàxuě:大雪が降る)」「白茫茫(báimángmáng:見渡す限り真っ白な様子)」。雪国である中国北部（北方）の冬の日常。南方の人（南方人）は雪をほとんど見ないため、少しでも降るとSNSが大興奮状態になります。
phrase_0832	春天是万物复苏的季节，到处都是生机勃勃的景象。	Chūntiān shì wànwù fùsū de jìjié, dàochù dōu shì shēngjī-bóbó de jǐngxiàng.	春は「万物が蘇る」季節であり、至る所すべてが「生気に満ち溢れた」光景になります。	nature	2	A	犬	笑う	周末去踏青吧？樱花和桃花都开了。	Zhōumò qù tàqīng ba? Yīnghuā hé táohuā dōu kāi le.	週末ピクニックに行かない？桜と桃の花も咲いたし。	B	先生	笑う	好主意。春天是万物复苏的季节，到处都是生机勃勃的景象，出去晒晒太阳、呼吸一下新鲜空气对身体好。	Hǎo zhǔyì. Chūntiān shì wànwù fùsū de jìjié, dàochù dōu shì shēngjī-bóbó de jǐngxiàng, chūqù shàishai tàiyáng, hūxī yíxià xīnxiān kōngqì duì shēntǐ hǎo.	いいアイデアだ。春は万物が蘇る季節だからね、至る所すべて生気溢れる情景だから、外に出て日光を浴びて、新鮮な空気を少し呼吸するのは身体に良いさ。	「万物复苏(wànwù fùsū:万物が蘇りよみがえる)」「生机勃勃(shēngjī bóbó:生気に満ち溢れ、生き生きとしている)」。春を形容する中国語の四字熟語（成语）の定番中の定番です。作文などでも頻出します。
phrase_0833	那座山海拔很高，山顶常年积雪。	Nà zuò shān hǎibá hěn gāo, shāndǐng chángnián jīxuě.	あの山は海抜がとても高く、山頂は一年中雪が積もっています。	nature	2	A	私	驚く	在飞机上看玉龙雪山真是太壮观了。	Zài fēijī shang kàn Yùlóng-xuěshān zhēnshi tài zhuàngguān le.	飛行機の上から見る雲南省の玉龍雪山、本当に壮観すぎるな。	B	パンダ	普通	它可是云南的名片。那座山海拔很高，山顶常年积雪，即使是夏天去也要穿厚底的防风服。	Tā kěshì Yúnnán de míngpiàn. Nà zuò shān hǎibá hěn gāo, shāndǐng chángnián jīxuě, jíshǐ shì xiàtiān qù yě yào chuān hòudǐ de fángfēngfú.	あれは雲南省の「名刺」だもの。あの山は海抜がすごく高くて、山頂は一年中雪が積もってるのよ、たとえ夏に行くにしても分厚い防風服が必要よ。	「海拔(hǎibá:海抜)」「常年(chángnián:年中、常に)」「积雪(jīxuě:雪が積もる、積雪)」。チベット（西藏）や雲南省（云南）などの高地へ旅行する際の話題. 中国大陸のスケールの大きさを感じます。
phrase_0834	这里的空气非常好，深呼吸一口觉得很清新。	Zhèlǐ de kōngqì fēicháng hǎo, shēnhūxī yì kǒu juéde hěn qīngxīn.	ここの空気は非常に良いです、大きく深呼吸を一口すると、とても清々しいと感じます。	nature	1	A	犬	笑う	终于逃离北京的雾霾了！这里的山林太舒服了。	Zhōngyú táolí Běijīng de wùmái le! Zhèlǐ de shānlín tài shūfu le.	ついに北京のPM2.5から逃れ出たぞ！ここの山林はマジで気持ちいいな。	B	猫	笑う	是啊，难得度个假。这里的空气非常好，深呼吸一口觉得很清新，感觉肺都被洗干净了。	Shì a, nándé dù ge jià. Zhèlǐ de kōngqì fēicháng hǎo, shēnhūxī yì kǒu juéde hěn qīngxīn, gǎnjué fèi dōu bèi xǐ gānjìng le.	そうね、滅多にないお休みだもの。ここの空気はすごく良くて、一口大きく深呼吸するととても清々しいわ、肺が綺麗に洗われたような気がするわ。	「空气好(kōngqì gǎo:空気がキレイだ)」「深呼吸(shēnhūxī)」「清新(qīngxīn:清々しい、すがすがしい)」。大都市の「雾霾(PM2.5などの大気汚染)」に苦しむ中国の都市生活者にとって、森や郊外の「负氧离子(マイナスイオン)」は最高の贅沢です。
phrase_0835	沙漠里的植物为了生存，根系都非常发达。	Shāmò lǐ de zhíwù wèile shēngcún, gēnxì dōu fēicháng fādá.	砂漠の中の植物は、生存するために、根の系統がすべて非常に発達しています。	nature	2	A	猫	驚く	这胡杨林看起来光秃秃的，它们是怎么在这么干旱的地方活下来的？	Zhè Húyánglín kànqǐlái guāngtūtū de, tāmen shì zěnme zài zhème gānhàn de dìfang huó xiàlái de?	このコトカケヤナギの林、見たところ何もなくハゲハゲなのに、彼らはどうやってこんな乾燥した場所で生き延びてきたの？	B	先生	普通	是大自然的鬼斧神工。沙漠里的植物为了生存，根系都非常发达，能扎到地下几十米去寻找水源。	Shì Dàzìrán de guǐfǔ-shéngōng. Shāmò lǐ de zhíwù wèile shēngcún, gēnxì dōu fēicháng fādá, néng zhādào dìxià shí jǐ mǐ qù xúnzhǎo shuǐyuán.	大自然の神業だよ。砂漠の中の植物は生存のために、根のシステムが非常に発達していて、地下数十メートルまで根を張って水源を探すことができるんだ。	「沙漠(shāmò:砂漠)」「植物(zhíwù)」「生存(shēngcún:生き延びる・生存する)」「根系(gēnxì)」。新疆（シンジャン）や内モンゴル（内蒙古）の砂漠ツアーでのガイドの解説。胡杨(コトカケヤナギ)は生命力の象徴です。
phrase_0836	这条河的水很清澈，可以看见里面的小鱼。	Zhè tiáo hé de shuǐ hěn qīngchè, kěyǐ kànjiàn lǐmiàn de xiǎoyú.	この川の水はとても澄み切っていて、中にいる小魚を見ることができます。	nature	1	A	私	笑う	哇，这水好凉快！你看那边还有虾呢。	Wa, zhè shuǐ hǎo liángkuai! Nǐ kàn nàbiān hái yǒu xiā ne.	わあ、この水すごく冷たくて気持ちいい！ほらあっちにエビまでいるぜ。	B	パンダ	笑う	真的耶！这条河的水很清澈，可以看见里面的小鱼游来游去，我们在岸边搭个帐篷野餐吧。	Zhēnde ye! Zhè tiáo hé de shuǐ hěn qīngchè, kěyǐ kànjiàn lǐmiàn de xiǎoyú yóulái-yóuqù, wǒmen zài ànbiān dā ge zhàngpeng yěcān ba.	ホントだ！この川の水すごく澄み切っててさ、中にいる小魚があちこち泳いでるのも見えるわ、私達岸辺でテント張ってピクニックしようよ。	「清澈(qīngchè:澄み切っている・透明である)」「小鱼(xiǎoyú)」。近年、中国でも都市部周辺での「露营(キャンプ)」や川辺の自然に触れるアウトドアレジャーが大流行しています。「游来游去(あちこち泳ぐ)」。
phrase_0837	晚上在海边散步，听着海浪的声音感觉很放松。	Wǎnshang zài hǎibiān sànbù, tīngzhe hǎilàng de shēngyīn gǎnjué hěn fàngsōng.	夜に海辺で散歩をして、波の音を聞いていると、とてもリラックスできていると感じます。	nature	1	A	犬	疲れる	终于忙完这一阵的电商大促了，累瘫了。	Zhōngyú máng wán zhè yí zhèn de diànshāng dà-cù le, lèi tān le.	やっとこの期間のECの大型セールが忙し終わって、疲れ果てて崩れ落ちたよ。	B	猫	笑う	所以我们才来三亚呀！晚上在海边散步，听着海浪的声音感觉很放松，把工作群全都设成免打扰。	Suǒyǐ wǒmen cái lái Sānyà ya! Wǎnshang zài hǎibiān sànbù, tīngzhe hǎilàng de shēngyīn gǎnjué hěn fàngsōng, bǎ gōngzuò qún quándōu shèchéng miǎn dǎrǎo.	だから私たち三亜に来たんじゃない！夜海辺を散歩して、波の音を聞いてるとすっごくリラックスできるわよ、	「海浪(hǎilàng:波の音)」「放松(fàngsōng:リラックスする)」。海南島（三亜：Sanya）は「中国のハワイ」と呼ばれる極上リゾート。過酷な労働環境に置かれる現代中国人の心のオアシスです。
phrase_0838	全球变暖导致冰川融化，海平面不断上升。	Quánqiú biànnuǎn dǎozhì bīngchuān rónghuà, hǎipíngmiàn búduàn shàngshēng.	地球温暖化によって氷河が融解し、海面が上昇し続けています。	nature	2	A	私	普通	我看新闻说，像马尔代夫这样的岛国，可能在五十年后就会消失在地图上。	Wǒ kàn xīnwén shuō, xiàng Mǎ'ěrdàifū zhèyàng de dǎoguó, kěnéng zài wǔshí nián hòu jiù huì xiāoshī zài dìtú shang.	ニュースで見たんだけど、モルディブみたいな島国は50年後には地図から消えてしまうかもしれないんだって。	B	先生	普通	这是个严峻的环保危机。全球变暖导致冰川融化，海平面不断上升，这绝不是危言耸听。	Zhè shì ge yánjùn de huánbǎo wēijī. Quánqiú biànnuǎn dǎozhì bīngchuān rónghuà, hǎipíngmiàn búduàn shàngshēng, zhè juébúshì wēiyán-sǒngtīng.	これは深刻な環境危機だね。地球温暖化で氷河が溶け、海面が上昇し続けている。これは決して根も葉もない脅し文句ではないんだよ。	「全球变暖(quánqiú biànnuǎn:地球温暖化。グローバル・ウォーム化)」「导致(dǎozhì:〜という結果を引き起こす)」「海平面上升(海面水位が上昇する)」。中国のニュース解説（新闻评论）などでよく流れる自然環境テーマの一節です。
phrase_0839	我们去动物园看长颈鹿和斑马吧。	Wǒmen qù dòngwùyuán kàn chángjǐnglù hé bānmǎ ba.	私達は動物園に行って、キリンとシマウマを見に行きましょう。	nature	1	A	猫	普通	儿子，周末想去哪里玩？水族馆还是游乐场？	Érzi, zhōumò xiǎng qù nǎlǐ wán? Shuǐzúguǎn háishi yóulèchǎng?	息子よ、週末どこに遊びに行きたい？水族館？それとも遊園地？	B	犬	笑う	不去水族馆。妈，我们去动物园看长颈鹿和斑马吧！我还想看老虎吃肉！	Bú qù shuǐzúguǎn. Mā, wǒmen qù dòngwùyuán kàn chángjǐnglù hé bānmǎ ba! Wǒ hái xiǎng kàn lǎohǔ chī ròu!	水族館は行かない。お母さん、動物園に行ってキリンとシマウマを見ようよ！虎が肉食べるのも見たい！	「动物园(dòngwùyuán:動物園)」「长颈鹿(chángjǐnglù:キリン・首が長い鹿)」「斑马(bānmǎ:シマウマ)」。ちなみに日本の「横断歩道」は、中国語で「斑马线(シマウマ線)」と呼ばれます。
phrase_0840	那些候鸟每年冬天都会飞到南方去过冬。	Nàxiē hòuniǎo měinián dōngtiān dōu huì fēidào nánfāng qù guòdōng.	あの渡り鳥たちは毎年冬になると、越冬のために南へと飛んでいきます。	nature	2	A	パンダ	普通	快看天上排成人字形的大雁，它们这是要去哪儿啊？	Kuài kàn tiānshang pái chéng rén-zì-xíng de dàyàn, tāmen zhè shì yào qù nǎr a?	空を見て！「人」の字になって飛んでいるガンがいるわ。どこへ行くのかしら？	B	先生	笑う	秋天到了呗。那些候鸟每年冬天都会飞到南方去过冬，因为北方找不到食物。你看咱们小区那些去海南过冬的大爷大妈，不也叫“候鸟老人”吗？	Qiūtiān dào le bei. Nàxiē hòuniǎo měinián dōngtiān dōu huì fēidào nánfāng qù guòdōng, yīnwèi běifāng zhǎo búdào shíwù. Nǐ kàn zánmen xiǎoqū nàxiē qù Hǎinán guòdōng de Dàye-Dàmā, bù yě jiào "hòuniǎo lǎorén" ma?	秋が来たからね。あの渡り鳥たちは毎年冬になると南へ越冬しに行くんだ。北の方では食べ物が見つからなくなるからね。うちのマンションにも、冬の間だけ海南島に行くお年寄りがいるだろう？彼らも「渡り鳥老人」と呼ばれているんだよ。	「候鸟(hòuniǎo:渡り鳥)」「南方(nánfāng:中国の南の地方)」「過冬(guòdōng:越冬する・冬を越す)」。中国の富裕で健康な中高年は、冬になると厳しい寒さの東北地方から気候のいいリゾート「海南(Hainan)」へ大移動します。
phrase_0841	这片森林被保护得很好，没有受到破坏。	Zhè piàn sēnlín bèi bǎohù de hěn hǎo, méiyǒu shòudào pòhuài.	この森林はとても良く保護されており、破壊を受けてはいません。	nature	2	A	犬	惊吓	这里面的树怎么能长得这么高？看这树干几十个人都抱不住吧。	Zhè lǐmiàn de shù zěnme néng zhǎng de zhème gāo? Kàn zhè shùgàn shí jǐ ge rén dōu bào bú zhù ba.	この中の木はどうしてこんなに高く成長できるんだ？この木の幹を見てみろ、10数人がかりでも抱えきれないぞ。	B	先生	普通	这里属于原始林区，人迹罕至。这片森林被保护得很好，没有受到破坏，可以说是动植物的天堂。	Zhèlǐ shǔyú yuánshǐ línqū, rénjì-hǎnzhì. Zhè piàn sēnlín bèi bǎohù de hěn hǎo, méiyǒu shòudào pòhuài, kěyǐ shuō shì dòngzhíwù de tiāntáng.	ここは原始の森林エリアに属していて、人跡未踏ですからね。この森はとても良く保護されており、破壊を受けていませんので、動植物の楽園と言えますよ。	「森林(sēnlín)」「被保护得很好(保護されている状態が良い)」「受到破坏(破壊を受ける)」。中国の西双版纳(シーサンパンナ/熱帯雨林)や、大兴安岭(大シンアンリン)などの手付かずの自然（自然风光）を称賛する言葉。
phrase_0842	这里的夜空很干净，能清楚地看到银河。	Zhèlǐ de yèkōng hěn gānjìng, néng qīngchǔ de kàndào yínhé hé Běidǒu-qīxīng.	ここの夜空はとても綺麗で、天の川がはっきりと見えます。	nature	1	A	私	笑う	没想到来内蒙古的草原露营，这漫天的星空绝了！	Méi xiǎngdào lái Nèiměnggǔ de cǎoyuán lùyíng, zhè màntiān de xīngkōng jué le!	まさか内モンゴルの草原にキャンプしに来て、この空いっぱいの星空がこんなに最高だとは思わなかったな！	B	猫	笑う	城里光污染太严重了。这里的夜空很干净，能清楚地看到银河和北斗七星，快帮我拍张星空剪影。	Chéng lǐ guāngwūrǎn tài yánzhòng le. Zhèlǐ de yèkōng hěn gānjìng, néng qīngchǔ de kàndào yínhé hé Běidǒu-qīxīng, kuài bāng wǒ pāi zhāng xīngkōng jiǎnyǐng.	街の中は光害がひどすぎるからね。ここの夜空はとても綺麗で、天の川や北斗七星まではっきり見えるわ。早く私のために星空のシルエット写真撮ってよ。	「夜空(yèkōng)」「干净(gānjìng:（空気や景色が）きれいだ、澄んでいる)」「清楚(qīngchǔ:はっきりと)群」「银河(yínhé:天の川・銀河)」。中国都市部の若者が、大自然（大西北など）の撮影旅行で感動する「满眼星空(満天の星空)」。
phrase_0843	台风马上就要登陆了，有关部门正在紧急撤离居民。	Táifēng mǎshàng jiù yào dēnglù le, yǒuguān bùmén zhèngzài jǐnjí chèlí jūmín.	台風がまもなく上陸しようとしています、関連部門は現在緊急に住民を避難させています。	nature	2	A	私	惊吓	外面这风声刮得像鬼叫一样，新闻里怎么说？	Wàimiàn zhè fēngshēng guā de xiàng guǐ jiào yíyàng, xīnwén lǐ zěnme shuō?	外のこの風の音、まるでお化けの叫びみたいに吹いてるけど、ニュースでなんて言ってる？	B	犬	普通	说是强台风。台风马上就要登陆了，有关部门正在紧急撤离海岸线附近的居民，沿海航班也全部取消了。	Shuō shì qiáng-táifēng. Táifēng mǎshàng jiù yào dēnglù le, yǒuguān bùmén zhèngzài jǐnjí chèlí hǎi'ànxiàn fùjìn de jūmín, yánhǎi hángbān yě quánbù qǔxiāo le.	強い台風だって言ってるよ。台風が間も無く上陸するってさ。関連部門は現在、海岸線付近の住民を緊急避難させていて、沿海発着のフライトも全部取り消しになったよ。	「台风登陆(táifēng dēnglù:台風が上陸する)」「有关部门(yǒuguān bùmén:関連部門・当局＝誰のことかは明言しない政府の決まり文句)」「撤离(chèlí:避難させる・撤退する)」。福建省や広東省に毎年夏に来襲する巨大台風のニュースです。
phrase_0844	这座植物園里种植着来自世界各地的奇花异草。	Zhè zuò zhíwùyuán lǐ zhòngzhízhe láizì shìjiè-gèdì de qíhuā-yìcǎo.	この植物園の中には、世界各地からやってきた珍しい花や変わった草が植えられています。	nature	2	A	パンダ	普通	门票要一百二十块呢，里面除了草还有什么好看的？	Ménpiào yào yìbǎi èrshí kuài ne, lǐmiàn chúle cǎo hái yǒu shénme hǎokàn de?	入場券120元もするのよ、中には草以外に何が見る価値あるっていうの？	B	先生	笑う	这你可不知道。这座植物園里种植着来自世界各地的奇花异草，光是这温室里的热带食人花，平时你就绝对见不到。	Zhè nǐ kě bù zhīdào. Zhè zuò zhíwùyuán lǐ zhòngzhízhe láizì shìjiè-gèdì de qíhuā-yìcǎo, guāng shì zhè wēnshì lǐ de rèdài shírénchuā, píngshí nǐ jiù juéduì jiàn-búdào.	これは君知らないだろうな。この植物園には世界各地から来た珍しい花や草が植えてあるんだよ。ここの温室にある熱帯の食虫花だけでも、普段絶対に目にお目にかかれないよ。	「种植(zhòngzhí:植える・栽培する)」「来自～(〜から来た)」「奇花异草(qíhuā yìcǎo:珍しい草花・エキゾチックな植物)」。国立の植物園は敷地が広大なので、中では「电瓶车(電動カート)」で移動するのが一般的です。
phrase_0845	为了保护生态平衡，我们不能滥砍滥伐。	Wèile bǎohù shēngtài pínghéng, wǒmen bùnéng lànkǎn-lànfá.	生態のバランスを保護するため、私たちは乱伐・みだりに切り倒すことはできません。	nature	2	A	犬	普通	为什么这片山上到处竖着“封山育林”的牌子？	Wèishénme zhè piàn shān shang dàochù shùzhe "fēngshān-yùlín" de páizi?	どうしてこの山の上には、至る所に「山を封鎖し林を育てる」の看板が立てられているんだ？	B	先生	普通	以前过度开发把这儿变成了荒山。为了保护生态平衡，我们不能滥砍滥伐，现在政府正花大力气栽树恢复植被呢。	Yǐqián guòdù kāifā bǎ zhèr biànchéng le huāngshān. Wèile bǎohù shēngtài pínghéng, wǒmen bùnéng lànkǎn-lànfá, xiànzài zhèngfǔ zhèng huā dà lìqi zāishù huīfù zhíbèi ne.	以前は過度な開発でここをハゲ山に変えてしまったからね。生態環境のバランスを保つために、我々は乱伐しちゃいかんのだ、今は政府が大きな労力を費やして、	「生态平衡(shēngtài pínghéng:生態のバランス・エコシステム)」「滥砍滥伐(lànkǎn-lànfá:手当たり次第に木を切り倒す・乱伐する)」。環境保護局が発出する「绿水青山就是金山银山(美しい自然こそが金銀財宝である)」という国策スローガンの一部です。
phrase_0846	听说山里有一座漂亮的瀑布，我们去探险吧。	Tīngshuō shān lǐ yǒu yì zuò piàoliang de pùbù, wǒmen qù tànxiǎn ba.	聞いたところによれば、山の中に白くて綺麗な「滝」が1つあるそうです、私たちは探検に行きましょう。	nature	1	A	私	笑う	老板娘，这附近有什么人少景美的地方吗？	Lǎobǎnniáng, zhè fùjìn yǒu shénme rén shǎo jǐng měi de dìfang ma?	女将さん、この近くで人が少なくて景色のいい場所はありませんか？	B	猫	普通	其实后山没开发的地方不错。	Qíshí hòushān méi kāifā de dìfang búcuò.	実は裏山の開発されてない場所がいいよ。	「瀑布(pùbù:滝)」「探险(tànxiǎn:探検する)」。最近の中国の若者は、整備された観光地「景区」を嫌がり、「野蛮生长(手付かず・ワイルド)」な場所へ「探险」してSNSの「小红书(RED)」にアップするのを好みます。
phrase_0847	这只鹦鹉很聪明，不仅会嗑瓜子还会学人说话。	Zhè zhī yīngwǔ hěn cōngming, bùjǐn huì kē guāzǐ hái huì xué rén shuōhuà.	このオウムはとても賢明で、ひまわりの種を齧ることができるだけでなく、さらに人が話すのを真似することができます。	nature	2	A	猫	笑う	爷爷，您笼子里养的这只绿毛鸟是什么品种啊？	Yéye, nín lóngzi lǐ yǎng de zhè zhī lǜmáo-niǎo shì shénme pǐnzhǒng a?	おじいちゃん、あなたのカゴの中で飼っているこの緑の鳥は何という品種なの？	B	先生	笑う	这叫金刚鹦鹉。这只鹦鹉很聪明，不仅会嗑瓜子还会学人说话。你对它喊一句“你好”。	Zhè jiào jīngāng yīngwǔ. Zhè zhī yīngwǔ hěn cōngming, bùjǐn huì kē guāzǐ hái huì xué rén shuōhuà. Nǐ duì tā hǎn yí jù "nǐhǎo".	これはコンゴウインコというんだよ。このオウムはすごく賢くてね、ひまわりの種を齧るのができるだけでなく、人の真似して喋るんだ。	「鹦鹉(yīngwǔ:オウム)」「不仅～还会(～であるだけでなく、さらに～できる)」「嗑瓜子(kē guāzǐ:ひまわりの種を口で割って食べる)」。中国人はひまわりの種（瓜子）が大好きで、お茶請けの定番です。
phrase_0848	深海里还隐藏着许多人类未知的生物。	Shēnhǎi lǐ hái yǐncángzhe xǔduō rénlèi wèizhī de shēngwù.	深海の中には、いまだに人類の「未知の」生物が非常に多く隠されています。	nature	2	A	犬	惊吓	在看什么科幻电影呢？这带荧光的大触手怪太吓人了吧。	Zài kàn shénme kēhuàn diànyǐng ne? Zhè dài yíngguāng de dà chùshǒu-guài tài xiàrén le ba.	何のSF映画を観てるの？この蛍光の巨大な触手モンスター、おそろしすぎるだろ。	B	私	普通	不是电影，是BBC深海探索的纪录片。深海里还隐藏着许多人类未知的生物。毕竟海洋的深处连光都透不进去。	Bú shì diànyǐng, shì bi-bi-si shēnhǎi tànsuǒ de jìlùpiàn. Shēnhǎi lǐ hái yǐncángzhe xǔduō rénlèi wèizhī de shēngwù. Bìjìng hǎiyáng de shēnchù lián guāng dōu tòubùjìnqù.	映画じゃないよ、BBCの深海探索のドキュメンタリーだよ。深海にはまだ沢山の人がいまだ知らない生物が隠されているんだ。	「隐藏(yǐncáng:隠す・隠れている)」「人类未知(rénlèi wèizhī:人類がまだ知らない)」。宇宙探索「航空航天」と並んで、中国では「蛟龙号(深海潜水艦)」による深海探査も国家の誇る技術ドキュメンタリーの題材になります。
phrase_0849	春雨过后，竹林里长出了很多新鲜的春笋。	Chūnyǔ guòhòu, zhúlín lǐ zhǎngchū le hěnduō xīnxiān de chūnsǔn.	春の雨が過ぎた後、竹林の中にはとても多くの新鮮なタケノコが伸びて出てきました。	nature	1	A	先生	笑う	老乡，背篓里背的什么好东西？	Lǎoxiāng, bēilǒu lǐ bēi de shénme hǎo dōngxi?	同郷の農家さん、背負カゴの中に背負ってるの、何のいいものですか？	B	私	笑う	您看！春雨过后，竹林里长出了很多新鲜的春笋。我刚去挖了一筐，晚上准备做个竹笋炒肉。	Nín kàn! Chūnyǔ guòhòu, zhúlín lǐ zhǎngchū le hěnduō xīnxiān de chūnsǔn. Wǒ gāng qù wā le yì kuāng, wǎnshang zhǔnbèi zuò ge zhúsǔn-chǎoròu.	見てよ！春の雨のあと、竹林の中にたくさん新鮮なタケノコが顔を出したのよ。私さっき一カゴ掘ってきたばかりで、夜に竹の子の肉炒めを作ろうとしてるの。	「春雨(chūnyǔ:春に降る雨)」「竹林(zhúlín)」「长出(zhǎng chū:生えてくる・成長して出てくる)」「春笋(chūnsǔn:春のタケノコ)」。中華料理、特に江南地方（南方）で春の味覚として最も愛される食材の一つ。「雨后春笋(雨後の筍のごとく現れる)」という成語もあります。
phrase_0850	地震发生时，一定要躲在坚固的桌子底下。	Dìzhèn fāshēng shí, yídìng yào duǒ zài jiāngù de zhuōzi dǐxia.	地震が起きた時は、必ず頑丈な机の下に隠れてください。	nature	2	A	先生	普通	同学们！如果我们正在上课，突然感觉到地面剧烈晃动，应该怎么做？千万不能慌乱往门外跑！	Tóngxué men! Rúguǒ wǒmen zhèngzài shàngkè, tūrán gǎnjué dào dìmiàn jùliè huàngdòng, yīnggāi zěnme zuò? Qiānwàn bùnéng huāngluàn wǎng ménwài pǎo!	生徒の皆さん！もし授業中に、突然地面が激しく揺れ出したらどうすればいいですか？慌てて外に飛び出してはいけませんよ！	B	私	普通	我记得！地震发生时，一定要躲在坚固的桌子底下，保护好头部和颈部。	Wǒ jìde! Dìzhèn fāshēng shí, yídìng yào duǒ zài jiāngù de zhuōzi dǐxia, bǎohùhǎo tóubù hé jǐngbù.	覚えてます！地震が起きた時は必ず頑丈な机の下に隠れて、頭と首をしっかり守ります！	「地震(dìzhèn)」「躲(duǒ:隠れる・避難する)」「坚固的桌子(jiāngù de zhuōzi:頑丈な机)」。四川省（汶川地震など）での大地震の経験を経て、中国の学校の「安全教育」や避難訓練（防空防震演练）の防災知識として強く指導されています。